,Composition_Formula,GBTPredict,AWEMLPredict,Composition
0,AlCrTaZr,1.0,1.0,Al1 Cr1 Ta1 Zr1
1,AlCrTaTi,1.0,1.0,Al1 Cr1 Ta1 Ti1
2,AlCrTaMo,1.0,1.0,Al1 Cr1 Ta1 Mo1
3,AlCrTaV,1.0,1.0,Al1 Cr1 Ta1 V1
4,AlCrTaPd,1.0,1.0,Al1 Cr1 Ta1 Pd1
5,AlCrTaNb,1.0,1.0,Al1 Cr1 Ta1 Nb1
6,AlCrTaHf,1.0,1.0,Al1 Cr1 Ta1 Hf1
7,AlCrZrTi,0.0,0.0,Al1 Cr1 Zr1 Ti1
8,AlCrZrMo,2.0,0.0,Al1 Cr1 Zr1 Mo1
9,AlCrZrV,0.0,1.0,Al1 Cr1 Zr1 V1
10,AlCrZrPd,2.0,1.0,Al1 Cr1 Zr1 Pd1
11,AlCrZrNb,2.0,2.0,Al1 Cr1 Zr1 Nb1
12,AlCrZrHf,1.0,1.0,Al1 Cr1 Zr1 Hf1
13,AlCrTiMo,2.0,0.0,Al1 Cr1 Ti1 Mo1
14,AlCrTiV,0.0,1.0,Al1 Cr1 Ti1 V1
15,AlCrTiPd,2.0,1.0,Al1 Cr1 Ti1 Pd1
16,AlCrTiNb,2.0,2.0,Al1 Cr1 Ti1 Nb1
17,AlCrTiHf,1.0,1.0,Al1 Cr1 Ti1 Hf1
18,AlCrMoV,0.0,0.0,Al1 Cr1 Mo1 V1
19,AlCrMoPd,2.0,0.0,Al1 Cr1 Mo1 Pd1
20,AlCrMoNb,1.0,0.0,Al1 Cr1 Mo1 Nb1
21,AlCrMoHf,1.0,1.0,Al1 Cr1 Mo1 Hf1
22,AlCrVPd,2.0,1.0,Al1 Cr1 V1 Pd1
23,AlCrVNb,2.0,0.0,Al1 Cr1 V1 Nb1
24,AlCrVHf,1.0,1.0,Al1 Cr1 V1 Hf1
25,AlCrPdNb,2.0,1.0,Al1 Cr1 Pd1 Nb1
26,AlCrPdHf,1.0,1.0,Al1 Cr1 Pd1 Hf1
27,AlCrNbHf,1.0,1.0,Al1 Cr1 Nb1 Hf1
28,AlTaZrTi,1.0,1.0,Al1 Ta1 Zr1 Ti1
29,AlTaZrMo,1.0,1.0,Al1 Ta1 Zr1 Mo1
30,AlTaZrV,1.0,1.0,Al1 Ta1 Zr1 V1
31,AlTaZrPd,1.0,1.0,Al1 Ta1 Zr1 Pd1
32,AlTaZrNb,1.0,1.0,Al1 Ta1 Zr1 Nb1
33,AlTaZrHf,1.0,1.0,Al1 Ta1 Zr1 Hf1
34,AlTaTiMo,1.0,1.0,Al1 Ta1 Ti1 Mo1
35,AlTaTiV,1.0,1.0,Al1 Ta1 Ti1 V1
36,AlTaTiPd,1.0,1.0,Al1 Ta1 Ti1 Pd1
37,AlTaTiNb,1.0,1.0,Al1 Ta1 Ti1 Nb1
38,AlTaTiHf,1.0,1.0,Al1 Ta1 Ti1 Hf1
39,AlTaMoV,1.0,1.0,Al1 Ta1 Mo1 V1
40,AlTaMoPd,1.0,1.0,Al1 Ta1 Mo1 Pd1
41,AlTaMoNb,1.0,1.0,Al1 Ta1 Mo1 Nb1
42,AlTaMoHf,1.0,1.0,Al1 Ta1 Mo1 Hf1
43,AlTaVPd,1.0,1.0,Al1 Ta1 V1 Pd1
44,AlTaVNb,1.0,1.0,Al1 Ta1 V1 Nb1
45,AlTaVHf,1.0,1.0,Al1 Ta1 V1 Hf1
46,AlTaPdNb,1.0,1.0,Al1 Ta1 Pd1 Nb1
47,AlTaPdHf,1.0,1.0,Al1 Ta1 Pd1 Hf1
48,AlTaNbHf,1.0,1.0,Al1 Ta1 Nb1 Hf1
49,AlZrTiMo,1.0,1.0,Al1 Zr1 Ti1 Mo1
50,AlZrTiV,0.0,0.0,Al1 Zr1 Ti1 V1
51,AlZrTiPd,2.0,1.0,Al1 Zr1 Ti1 Pd1
52,AlZrTiNb,1.0,1.0,Al1 Zr1 Ti1 Nb1
53,AlZrTiHf,1.0,1.0,Al1 Zr1 Ti1 Hf1
54,AlZrMoV,1.0,1.0,Al1 Zr1 Mo1 V1
55,AlZrMoPd,1.0,1.0,Al1 Zr1 Mo1 Pd1
56,AlZrMoNb,2.0,1.0,Al1 Zr1 Mo1 Nb1
57,AlZrMoHf,1.0,1.0,Al1 Zr1 Mo1 Hf1
58,AlZrVPd,2.0,0.0,Al1 Zr1 V1 Pd1
59,AlZrVNb,1.0,1.0,Al1 Zr1 V1 Nb1
60,AlZrVHf,1.0,1.0,Al1 Zr1 V1 Hf1
61,AlZrPdNb,1.0,1.0,Al1 Zr1 Pd1 Nb1
62,AlZrPdHf,1.0,1.0,Al1 Zr1 Pd1 Hf1
63,AlZrNbHf,1.0,1.0,Al1 Zr1 Nb1 Hf1
64,AlTiMoV,1.0,1.0,Al1 Ti1 Mo1 V1
65,AlTiMoPd,1.0,1.0,Al1 Ti1 Mo1 Pd1
66,AlTiMoNb,1.0,1.0,Al1 Ti1 Mo1 Nb1
67,AlTiMoHf,1.0,1.0,Al1 Ti1 Mo1 Hf1
68,AlTiVPd,1.0,1.0,Al1 Ti1 V1 Pd1
69,AlTiVNb,1.0,1.0,Al1 Ti1 V1 Nb1
70,AlTiVHf,1.0,1.0,Al1 Ti1 V1 Hf1
71,AlTiPdNb,1.0,1.0,Al1 Ti1 Pd1 Nb1
72,AlTiPdHf,1.0,1.0,Al1 Ti1 Pd1 Hf1
73,AlTiNbHf,1.0,1.0,Al1 Ti1 Nb1 Hf1
74,AlMoVPd,1.0,1.0,Al1 Mo1 V1 Pd1
75,AlMoVNb,1.0,0.0,Al1 Mo1 V1 Nb1
76,AlMoVHf,1.0,1.0,Al1 Mo1 V1 Hf1
77,AlMoPdNb,1.0,1.0,Al1 Mo1 Pd1 Nb1
78,AlMoPdHf,1.0,1.0,Al1 Mo1 Pd1 Hf1
79,AlMoNbHf,1.0,1.0,Al1 Mo1 Nb1 Hf1
80,AlVPdNb,2.0,1.0,Al1 V1 Pd1 Nb1
81,AlVPdHf,1.0,1.0,Al1 V1 Pd1 Hf1
82,AlVNbHf,1.0,1.0,Al1 V1 Nb1 Hf1
83,AlPdNbHf,1.0,1.0,Al1 Pd1 Nb1 Hf1
84,CrTaZrTi,1.0,1.0,Cr1 Ta1 Zr1 Ti1
85,CrTaZrMo,2.0,1.0,Cr1 Ta1 Zr1 Mo1
86,CrTaZrV,1.0,1.0,Cr1 Ta1 Zr1 V1
87,CrTaZrPd,1.0,1.0,Cr1 Ta1 Zr1 Pd1
88,CrTaZrNb,2.0,2.0,Cr1 Ta1 Zr1 Nb1
89,CrTaZrHf,1.0,1.0,Cr1 Ta1 Zr1 Hf1
90,CrTaTiMo,2.0,1.0,Cr1 Ta1 Ti1 Mo1
91,CrTaTiV,1.0,1.0,Cr1 Ta1 Ti1 V1
92,CrTaTiPd,1.0,1.0,Cr1 Ta1 Ti1 Pd1
93,CrTaTiNb,2.0,2.0,Cr1 Ta1 Ti1 Nb1
94,CrTaTiHf,1.0,1.0,Cr1 Ta1 Ti1 Hf1
95,CrTaMoV,1.0,1.0,Cr1 Ta1 Mo1 V1
96,CrTaMoPd,2.0,1.0,Cr1 Ta1 Mo1 Pd1
97,CrTaMoNb,1.0,1.0,Cr1 Ta1 Mo1 Nb1
98,CrTaMoHf,2.0,1.0,Cr1 Ta1 Mo1 Hf1
99,CrTaVPd,1.0,1.0,Cr1 Ta1 V1 Pd1
100,CrTaVNb,1.0,1.0,Cr1 Ta1 V1 Nb1
101,CrTaVHf,1.0,1.0,Cr1 Ta1 V1 Hf1
102,CrTaPdNb,1.0,1.0,Cr1 Ta1 Pd1 Nb1
103,CrTaPdHf,1.0,1.0,Cr1 Ta1 Pd1 Hf1
104,CrTaNbHf,2.0,2.0,Cr1 Ta1 Nb1 Hf1
105,CrZrTiMo,2.0,2.0,Cr1 Zr1 Ti1 Mo1
106,CrZrTiV,2.0,2.0,Cr1 Zr1 Ti1 V1
107,CrZrTiPd,0.0,1.0,Cr1 Zr1 Ti1 Pd1
108,CrZrTiNb,2.0,2.0,Cr1 Zr1 Ti1 Nb1
109,CrZrTiHf,1.0,1.0,Cr1 Zr1 Ti1 Hf1
110,CrZrMoV,2.0,2.0,Cr1 Zr1 Mo1 V1
111,CrZrMoPd,2.0,0.0,Cr1 Zr1 Mo1 Pd1
112,CrZrMoNb,2.0,2.0,Cr1 Zr1 Mo1 Nb1
113,CrZrMoHf,2.0,1.0,Cr1 Zr1 Mo1 Hf1
114,CrZrVPd,0.0,0.0,Cr1 Zr1 V1 Pd1
115,CrZrVNb,2.0,2.0,Cr1 Zr1 V1 Nb1
116,CrZrVHf,1.0,1.0,Cr1 Zr1 V1 Hf1
117,CrZrPdNb,2.0,0.0,Cr1 Zr1 Pd1 Nb1
118,CrZrPdHf,1.0,1.0,Cr1 Zr1 Pd1 Hf1
119,CrZrNbHf,2.0,2.0,Cr1 Zr1 Nb1 Hf1
120,CrTiMoV,2.0,2.0,Cr1 Ti1 Mo1 V1
121,CrTiMoPd,2.0,1.0,Cr1 Ti1 Mo1 Pd1
122,CrTiMoNb,1.0,2.0,Cr1 Ti1 Mo1 Nb1
123,CrTiMoHf,2.0,1.0,Cr1 Ti1 Mo1 Hf1
124,CrTiVPd,2.0,1.0,Cr1 Ti1 V1 Pd1
125,CrTiVNb,2.0,2.0,Cr1 Ti1 V1 Nb1
126,CrTiVHf,1.0,1.0,Cr1 Ti1 V1 Hf1
127,CrTiPdNb,2.0,1.0,Cr1 Ti1 Pd1 Nb1
128,CrTiPdHf,1.0,1.0,Cr1 Ti1 Pd1 Hf1
129,CrTiNbHf,2.0,2.0,Cr1 Ti1 Nb1 Hf1
130,CrMoVPd,1.0,1.0,Cr1 Mo1 V1 Pd1
131,CrMoVNb,1.0,1.0,Cr1 Mo1 V1 Nb1
132,CrMoVHf,2.0,1.0,Cr1 Mo1 V1 Hf1
133,CrMoPdNb,1.0,1.0,Cr1 Mo1 Pd1 Nb1
134,CrMoPdHf,1.0,1.0,Cr1 Mo1 Pd1 Hf1
135,CrMoNbHf,1.0,1.0,Cr1 Mo1 Nb1 Hf1
136,CrVPdNb,2.0,1.0,Cr1 V1 Pd1 Nb1
137,CrVPdHf,1.0,1.0,Cr1 V1 Pd1 Hf1
138,CrVNbHf,2.0,1.0,Cr1 V1 Nb1 Hf1
139,CrPdNbHf,1.0,1.0,Cr1 Pd1 Nb1 Hf1
140,TaZrTiMo,1.0,1.0,Ta1 Zr1 Ti1 Mo1
141,TaZrTiV,1.0,1.0,Ta1 Zr1 Ti1 V1
142,TaZrTiPd,1.0,1.0,Ta1 Zr1 Ti1 Pd1
143,TaZrTiNb,1.0,1.0,Ta1 Zr1 Ti1 Nb1
144,TaZrTiHf,1.0,1.0,Ta1 Zr1 Ti1 Hf1
145,TaZrMoV,1.0,1.0,Ta1 Zr1 Mo1 V1
146,TaZrMoPd,1.0,1.0,Ta1 Zr1 Mo1 Pd1
147,TaZrMoNb,1.0,1.0,Ta1 Zr1 Mo1 Nb1
148,TaZrMoHf,1.0,1.0,Ta1 Zr1 Mo1 Hf1
149,TaZrVPd,1.0,1.0,Ta1 Zr1 V1 Pd1
150,TaZrVNb,1.0,1.0,Ta1 Zr1 V1 Nb1
151,TaZrVHf,1.0,1.0,Ta1 Zr1 V1 Hf1
152,TaZrPdNb,1.0,1.0,Ta1 Zr1 Pd1 Nb1
153,TaZrPdHf,1.0,1.0,Ta1 Zr1 Pd1 Hf1
154,TaZrNbHf,1.0,1.0,Ta1 Zr1 Nb1 Hf1
155,TaTiMoV,1.0,1.0,Ta1 Ti1 Mo1 V1
156,TaTiMoPd,1.0,1.0,Ta1 Ti1 Mo1 Pd1
157,TaTiMoNb,1.0,1.0,Ta1 Ti1 Mo1 Nb1
158,TaTiMoHf,1.0,1.0,Ta1 Ti1 Mo1 Hf1
159,TaTiVPd,1.0,1.0,Ta1 Ti1 V1 Pd1
160,TaTiVNb,1.0,1.0,Ta1 Ti1 V1 Nb1
161,TaTiVHf,1.0,1.0,Ta1 Ti1 V1 Hf1
162,TaTiPdNb,1.0,1.0,Ta1 Ti1 Pd1 Nb1
163,TaTiPdHf,1.0,1.0,Ta1 Ti1 Pd1 Hf1
164,TaTiNbHf,1.0,1.0,Ta1 Ti1 Nb1 Hf1
165,TaMoVPd,1.0,1.0,Ta1 Mo1 V1 Pd1
166,TaMoVNb,1.0,1.0,Ta1 Mo1 V1 Nb1
167,TaMoVHf,1.0,1.0,Ta1 Mo1 V1 Hf1
168,TaMoPdNb,1.0,1.0,Ta1 Mo1 Pd1 Nb1
169,TaMoPdHf,1.0,1.0,Ta1 Mo1 Pd1 Hf1
170,TaMoNbHf,1.0,1.0,Ta1 Mo1 Nb1 Hf1
171,TaVPdNb,1.0,1.0,Ta1 V1 Pd1 Nb1
172,TaVPdHf,1.0,1.0,Ta1 V1 Pd1 Hf1
173,TaVNbHf,1.0,1.0,Ta1 V1 Nb1 Hf1
174,TaPdNbHf,1.0,1.0,Ta1 Pd1 Nb1 Hf1
175,ZrTiMoV,1.0,1.0,Zr1 Ti1 Mo1 V1
176,ZrTiMoPd,1.0,1.0,Zr1 Ti1 Mo1 Pd1
177,ZrTiMoNb,1.0,1.0,Zr1 Ti1 Mo1 Nb1
178,ZrTiMoHf,1.0,1.0,Zr1 Ti1 Mo1 Hf1
179,ZrTiVPd,1.0,0.0,Zr1 Ti1 V1 Pd1
180,ZrTiVNb,1.0,1.0,Zr1 Ti1 V1 Nb1
181,ZrTiVHf,1.0,1.0,Zr1 Ti1 V1 Hf1
182,ZrTiPdNb,1.0,1.0,Zr1 Ti1 Pd1 Nb1
183,ZrTiPdHf,1.0,1.0,Zr1 Ti1 Pd1 Hf1
184,ZrTiNbHf,1.0,1.0,Zr1 Ti1 Nb1 Hf1
185,ZrMoVPd,1.0,1.0,Zr1 Mo1 V1 Pd1
186,ZrMoVNb,1.0,1.0,Zr1 Mo1 V1 Nb1
187,ZrMoVHf,1.0,1.0,Zr1 Mo1 V1 Hf1
188,ZrMoPdNb,2.0,0.0,Zr1 Mo1 Pd1 Nb1
189,ZrMoPdHf,1.0,1.0,Zr1 Mo1 Pd1 Hf1
190,ZrMoNbHf,1.0,1.0,Zr1 Mo1 Nb1 Hf1
191,ZrVPdNb,1.0,1.0,Zr1 V1 Pd1 Nb1
192,ZrVPdHf,1.0,1.0,Zr1 V1 Pd1 Hf1
193,ZrVNbHf,1.0,1.0,Zr1 V1 Nb1 Hf1
194,ZrPdNbHf,1.0,1.0,Zr1 Pd1 Nb1 Hf1
195,TiMoVPd,1.0,1.0,Ti1 Mo1 V1 Pd1
196,TiMoVNb,1.0,1.0,Ti1 Mo1 V1 Nb1
197,TiMoVHf,1.0,1.0,Ti1 Mo1 V1 Hf1
198,TiMoPdNb,1.0,1.0,Ti1 Mo1 Pd1 Nb1
199,TiMoPdHf,1.0,1.0,Ti1 Mo1 Pd1 Hf1
200,TiMoNbHf,1.0,1.0,Ti1 Mo1 Nb1 Hf1
201,TiVPdNb,1.0,1.0,Ti1 V1 Pd1 Nb1
202,TiVPdHf,1.0,1.0,Ti1 V1 Pd1 Hf1
203,TiVNbHf,1.0,1.0,Ti1 V1 Nb1 Hf1
204,TiPdNbHf,1.0,1.0,Ti1 Pd1 Nb1 Hf1
205,MoVPdNb,1.0,1.0,Mo1 V1 Pd1 Nb1
206,MoVPdHf,1.0,1.0,Mo1 V1 Pd1 Hf1
207,MoVNbHf,1.0,1.0,Mo1 V1 Nb1 Hf1
208,MoPdNbHf,1.0,1.0,Mo1 Pd1 Nb1 Hf1
209,VPdNbHf,1.0,1.0,V1 Pd1 Nb1 Hf1
210,AlCrTaZrTi,1.0,1.0,Al1 Cr1 Ta1 Zr1 Ti1
211,AlCrTaZrMo,1.0,1.0,Al1 Cr1 Ta1 Zr1 Mo1
212,AlCrTaZrV,1.0,1.0,Al1 Cr1 Ta1 Zr1 V1
213,AlCrTaZrPd,1.0,1.0,Al1 Cr1 Ta1 Zr1 Pd1
214,AlCrTaZrNb,1.0,1.0,Al1 Cr1 Ta1 Zr1 Nb1
215,AlCrTaZrHf,1.0,1.0,Al1 Cr1 Ta1 Zr1 Hf1
216,AlCrTaTiMo,1.0,1.0,Al1 Cr1 Ta1 Ti1 Mo1
217,AlCrTaTiV,1.0,1.0,Al1 Cr1 Ta1 Ti1 V1
218,AlCrTaTiPd,1.0,1.0,Al1 Cr1 Ta1 Ti1 Pd1
219,AlCrTaTiNb,1.0,1.0,Al1 Cr1 Ta1 Ti1 Nb1
220,AlCrTaTiHf,1.0,1.0,Al1 Cr1 Ta1 Ti1 Hf1
221,AlCrTaMoV,1.0,1.0,Al1 Cr1 Ta1 Mo1 V1
222,AlCrTaMoPd,1.0,1.0,Al1 Cr1 Ta1 Mo1 Pd1
223,AlCrTaMoNb,1.0,1.0,Al1 Cr1 Ta1 Mo1 Nb1
224,AlCrTaMoHf,1.0,1.0,Al1 Cr1 Ta1 Mo1 Hf1
225,AlCrTaVPd,1.0,1.0,Al1 Cr1 Ta1 V1 Pd1
226,AlCrTaVNb,1.0,1.0,Al1 Cr1 Ta1 V1 Nb1
227,AlCrTaVHf,1.0,1.0,Al1 Cr1 Ta1 V1 Hf1
228,AlCrTaPdNb,1.0,1.0,Al1 Cr1 Ta1 Pd1 Nb1
229,AlCrTaPdHf,1.0,1.0,Al1 Cr1 Ta1 Pd1 Hf1
230,AlCrTaNbHf,1.0,1.0,Al1 Cr1 Ta1 Nb1 Hf1
231,AlCrZrTiMo,0.0,0.0,Al1 Cr1 Zr1 Ti1 Mo1
232,AlCrZrTiV,0.0,0.0,Al1 Cr1 Zr1 Ti1 V1
233,AlCrZrTiPd,2.0,1.0,Al1 Cr1 Zr1 Ti1 Pd1
234,AlCrZrTiNb,0.0,2.0,Al1 Cr1 Zr1 Ti1 Nb1
235,AlCrZrTiHf,1.0,1.0,Al1 Cr1 Zr1 Ti1 Hf1
236,AlCrZrMoV,0.0,0.0,Al1 Cr1 Zr1 Mo1 V1
237,AlCrZrMoPd,2.0,0.0,Al1 Cr1 Zr1 Mo1 Pd1
238,AlCrZrMoNb,2.0,0.0,Al1 Cr1 Zr1 Mo1 Nb1
239,AlCrZrMoHf,1.0,1.0,Al1 Cr1 Zr1 Mo1 Hf1
240,AlCrZrVPd,2.0,1.0,Al1 Cr1 Zr1 V1 Pd1
241,AlCrZrVNb,0.0,0.0,Al1 Cr1 Zr1 V1 Nb1
242,AlCrZrVHf,1.0,1.0,Al1 Cr1 Zr1 V1 Hf1
243,AlCrZrPdNb,2.0,0.0,Al1 Cr1 Zr1 Pd1 Nb1
244,AlCrZrPdHf,1.0,1.0,Al1 Cr1 Zr1 Pd1 Hf1
245,AlCrZrNbHf,1.0,1.0,Al1 Cr1 Zr1 Nb1 Hf1
246,AlCrTiMoV,0.0,1.0,Al1 Cr1 Ti1 Mo1 V1
247,AlCrTiMoPd,2.0,1.0,Al1 Cr1 Ti1 Mo1 Pd1
248,AlCrTiMoNb,1.0,1.0,Al1 Cr1 Ti1 Mo1 Nb1
249,AlCrTiMoHf,1.0,1.0,Al1 Cr1 Ti1 Mo1 Hf1
250,AlCrTiVPd,2.0,1.0,Al1 Cr1 Ti1 V1 Pd1
251,AlCrTiVNb,0.0,1.0,Al1 Cr1 Ti1 V1 Nb1
252,AlCrTiVHf,1.0,1.0,Al1 Cr1 Ti1 V1 Hf1
253,AlCrTiPdNb,2.0,1.0,Al1 Cr1 Ti1 Pd1 Nb1
254,AlCrTiPdHf,1.0,1.0,Al1 Cr1 Ti1 Pd1 Hf1
255,AlCrTiNbHf,1.0,1.0,Al1 Cr1 Ti1 Nb1 Hf1
256,AlCrMoVPd,0.0,1.0,Al1 Cr1 Mo1 V1 Pd1
257,AlCrMoVNb,0.0,0.0,Al1 Cr1 Mo1 V1 Nb1
258,AlCrMoVHf,1.0,1.0,Al1 Cr1 Mo1 V1 Hf1
259,AlCrMoPdNb,1.0,1.0,Al1 Cr1 Mo1 Pd1 Nb1
260,AlCrMoPdHf,1.0,1.0,Al1 Cr1 Mo1 Pd1 Hf1
261,AlCrMoNbHf,1.0,1.0,Al1 Cr1 Mo1 Nb1 Hf1
262,AlCrVPdNb,2.0,1.0,Al1 Cr1 V1 Pd1 Nb1
263,AlCrVPdHf,1.0,1.0,Al1 Cr1 V1 Pd1 Hf1
264,AlCrVNbHf,1.0,1.0,Al1 Cr1 V1 Nb1 Hf1
265,AlCrPdNbHf,1.0,1.0,Al1 Cr1 Pd1 Nb1 Hf1
266,AlTaZrTiMo,1.0,1.0,Al1 Ta1 Zr1 Ti1 Mo1
267,AlTaZrTiV,1.0,1.0,Al1 Ta1 Zr1 Ti1 V1
268,AlTaZrTiPd,1.0,1.0,Al1 Ta1 Zr1 Ti1 Pd1
269,AlTaZrTiNb,1.0,1.0,Al1 Ta1 Zr1 Ti1 Nb1
270,AlTaZrTiHf,1.0,1.0,Al1 Ta1 Zr1 Ti1 Hf1
271,AlTaZrMoV,1.0,1.0,Al1 Ta1 Zr1 Mo1 V1
272,AlTaZrMoPd,1.0,1.0,Al1 Ta1 Zr1 Mo1 Pd1
273,AlTaZrMoNb,1.0,1.0,Al1 Ta1 Zr1 Mo1 Nb1
274,AlTaZrMoHf,1.0,1.0,Al1 Ta1 Zr1 Mo1 Hf1
275,AlTaZrVPd,1.0,1.0,Al1 Ta1 Zr1 V1 Pd1
276,AlTaZrVNb,1.0,1.0,Al1 Ta1 Zr1 V1 Nb1
277,AlTaZrVHf,1.0,1.0,Al1 Ta1 Zr1 V1 Hf1
278,AlTaZrPdNb,1.0,1.0,Al1 Ta1 Zr1 Pd1 Nb1
279,AlTaZrPdHf,1.0,1.0,Al1 Ta1 Zr1 Pd1 Hf1
280,AlTaZrNbHf,1.0,1.0,Al1 Ta1 Zr1 Nb1 Hf1
281,AlTaTiMoV,1.0,1.0,Al1 Ta1 Ti1 Mo1 V1
282,AlTaTiMoPd,1.0,1.0,Al1 Ta1 Ti1 Mo1 Pd1
283,AlTaTiMoNb,1.0,1.0,Al1 Ta1 Ti1 Mo1 Nb1
284,AlTaTiMoHf,1.0,1.0,Al1 Ta1 Ti1 Mo1 Hf1
285,AlTaTiVPd,1.0,1.0,Al1 Ta1 Ti1 V1 Pd1
286,AlTaTiVNb,1.0,1.0,Al1 Ta1 Ti1 V1 Nb1
287,AlTaTiVHf,1.0,1.0,Al1 Ta1 Ti1 V1 Hf1
288,AlTaTiPdNb,1.0,1.0,Al1 Ta1 Ti1 Pd1 Nb1
289,AlTaTiPdHf,1.0,1.0,Al1 Ta1 Ti1 Pd1 Hf1
290,AlTaTiNbHf,1.0,1.0,Al1 Ta1 Ti1 Nb1 Hf1
291,AlTaMoVPd,1.0,1.0,Al1 Ta1 Mo1 V1 Pd1
292,AlTaMoVNb,1.0,1.0,Al1 Ta1 Mo1 V1 Nb1
293,AlTaMoVHf,1.0,1.0,Al1 Ta1 Mo1 V1 Hf1
294,AlTaMoPdNb,1.0,1.0,Al1 Ta1 Mo1 Pd1 Nb1
295,AlTaMoPdHf,1.0,1.0,Al1 Ta1 Mo1 Pd1 Hf1
296,AlTaMoNbHf,1.0,1.0,Al1 Ta1 Mo1 Nb1 Hf1
297,AlTaVPdNb,1.0,1.0,Al1 Ta1 V1 Pd1 Nb1
298,AlTaVPdHf,1.0,1.0,Al1 Ta1 V1 Pd1 Hf1
299,AlTaVNbHf,1.0,1.0,Al1 Ta1 V1 Nb1 Hf1
300,AlTaPdNbHf,1.0,1.0,Al1 Ta1 Pd1 Nb1 Hf1
301,AlZrTiMoV,0.0,1.0,Al1 Zr1 Ti1 Mo1 V1
302,AlZrTiMoPd,1.0,1.0,Al1 Zr1 Ti1 Mo1 Pd1
303,AlZrTiMoNb,1.0,1.0,Al1 Zr1 Ti1 Mo1 Nb1
304,AlZrTiMoHf,1.0,1.0,Al1 Zr1 Ti1 Mo1 Hf1
305,AlZrTiVPd,2.0,0.0,Al1 Zr1 Ti1 V1 Pd1
306,AlZrTiVNb,1.0,1.0,Al1 Zr1 Ti1 V1 Nb1
307,AlZrTiVHf,1.0,1.0,Al1 Zr1 Ti1 V1 Hf1
308,AlZrTiPdNb,1.0,1.0,Al1 Zr1 Ti1 Pd1 Nb1
309,AlZrTiPdHf,1.0,1.0,Al1 Zr1 Ti1 Pd1 Hf1
310,AlZrTiNbHf,1.0,1.0,Al1 Zr1 Ti1 Nb1 Hf1
311,AlZrMoVPd,1.0,1.0,Al1 Zr1 Mo1 V1 Pd1
312,AlZrMoVNb,1.0,1.0,Al1 Zr1 Mo1 V1 Nb1
313,AlZrMoVHf,1.0,1.0,Al1 Zr1 Mo1 V1 Hf1
314,AlZrMoPdNb,1.0,1.0,Al1 Zr1 Mo1 Pd1 Nb1
315,AlZrMoPdHf,1.0,1.0,Al1 Zr1 Mo1 Pd1 Hf1
316,AlZrMoNbHf,1.0,1.0,Al1 Zr1 Mo1 Nb1 Hf1
317,AlZrVPdNb,1.0,1.0,Al1 Zr1 V1 Pd1 Nb1
318,AlZrVPdHf,1.0,1.0,Al1 Zr1 V1 Pd1 Hf1
319,AlZrVNbHf,1.0,1.0,Al1 Zr1 V1 Nb1 Hf1
320,AlZrPdNbHf,1.0,1.0,Al1 Zr1 Pd1 Nb1 Hf1
321,AlTiMoVPd,1.0,1.0,Al1 Ti1 Mo1 V1 Pd1
322,AlTiMoVNb,1.0,1.0,Al1 Ti1 Mo1 V1 Nb1
323,AlTiMoVHf,1.0,1.0,Al1 Ti1 Mo1 V1 Hf1
324,AlTiMoPdNb,1.0,1.0,Al1 Ti1 Mo1 Pd1 Nb1
325,AlTiMoPdHf,1.0,1.0,Al1 Ti1 Mo1 Pd1 Hf1
326,AlTiMoNbHf,1.0,1.0,Al1 Ti1 Mo1 Nb1 Hf1
327,AlTiVPdNb,1.0,1.0,Al1 Ti1 V1 Pd1 Nb1
328,AlTiVPdHf,1.0,1.0,Al1 Ti1 V1 Pd1 Hf1
329,AlTiVNbHf,1.0,1.0,Al1 Ti1 V1 Nb1 Hf1
330,AlTiPdNbHf,1.0,1.0,Al1 Ti1 Pd1 Nb1 Hf1
331,AlMoVPdNb,1.0,1.0,Al1 Mo1 V1 Pd1 Nb1
332,AlMoVPdHf,1.0,1.0,Al1 Mo1 V1 Pd1 Hf1
333,AlMoVNbHf,1.0,1.0,Al1 Mo1 V1 Nb1 Hf1
334,AlMoPdNbHf,1.0,1.0,Al1 Mo1 Pd1 Nb1 Hf1
335,AlVPdNbHf,1.0,1.0,Al1 V1 Pd1 Nb1 Hf1
336,CrTaZrTiMo,1.0,2.0,Cr1 Ta1 Zr1 Ti1 Mo1
337,CrTaZrTiV,1.0,2.0,Cr1 Ta1 Zr1 Ti1 V1
338,CrTaZrTiPd,1.0,1.0,Cr1 Ta1 Zr1 Ti1 Pd1
339,CrTaZrTiNb,1.0,2.0,Cr1 Ta1 Zr1 Ti1 Nb1
340,CrTaZrTiHf,1.0,2.0,Cr1 Ta1 Zr1 Ti1 Hf1
341,CrTaZrMoV,1.0,2.0,Cr1 Ta1 Zr1 Mo1 V1
342,CrTaZrMoPd,1.0,1.0,Cr1 Ta1 Zr1 Mo1 Pd1
343,CrTaZrMoNb,1.0,2.0,Cr1 Ta1 Zr1 Mo1 Nb1
344,CrTaZrMoHf,1.0,1.0,Cr1 Ta1 Zr1 Mo1 Hf1
345,CrTaZrVPd,1.0,1.0,Cr1 Ta1 Zr1 V1 Pd1
346,CrTaZrVNb,1.0,2.0,Cr1 Ta1 Zr1 V1 Nb1
347,CrTaZrVHf,1.0,1.0,Cr1 Ta1 Zr1 V1 Hf1
348,CrTaZrPdNb,1.0,1.0,Cr1 Ta1 Zr1 Pd1 Nb1
349,CrTaZrPdHf,1.0,1.0,Cr1 Ta1 Zr1 Pd1 Hf1
350,CrTaZrNbHf,1.0,2.0,Cr1 Ta1 Zr1 Nb1 Hf1
351,CrTaTiMoV,1.0,2.0,Cr1 Ta1 Ti1 Mo1 V1
352,CrTaTiMoPd,1.0,1.0,Cr1 Ta1 Ti1 Mo1 Pd1
353,CrTaTiMoNb,1.0,2.0,Cr1 Ta1 Ti1 Mo1 Nb1
354,CrTaTiMoHf,1.0,1.0,Cr1 Ta1 Ti1 Mo1 Hf1
355,CrTaTiVPd,1.0,1.0,Cr1 Ta1 Ti1 V1 Pd1
356,CrTaTiVNb,1.0,2.0,Cr1 Ta1 Ti1 V1 Nb1
357,CrTaTiVHf,1.0,1.0,Cr1 Ta1 Ti1 V1 Hf1
358,CrTaTiPdNb,1.0,1.0,Cr1 Ta1 Ti1 Pd1 Nb1
359,CrTaTiPdHf,1.0,1.0,Cr1 Ta1 Ti1 Pd1 Hf1
360,CrTaTiNbHf,1.0,2.0,Cr1 Ta1 Ti1 Nb1 Hf1
361,CrTaMoVPd,1.0,1.0,Cr1 Ta1 Mo1 V1 Pd1
362,CrTaMoVNb,1.0,1.0,Cr1 Ta1 Mo1 V1 Nb1
363,CrTaMoVHf,1.0,1.0,Cr1 Ta1 Mo1 V1 Hf1
364,CrTaMoPdNb,1.0,1.0,Cr1 Ta1 Mo1 Pd1 Nb1
365,CrTaMoPdHf,1.0,1.0,Cr1 Ta1 Mo1 Pd1 Hf1
366,CrTaMoNbHf,1.0,1.0,Cr1 Ta1 Mo1 Nb1 Hf1
367,CrTaVPdNb,1.0,1.0,Cr1 Ta1 V1 Pd1 Nb1
368,CrTaVPdHf,1.0,1.0,Cr1 Ta1 V1 Pd1 Hf1
369,CrTaVNbHf,1.0,1.0,Cr1 Ta1 V1 Nb1 Hf1
370,CrTaPdNbHf,1.0,1.0,Cr1 Ta1 Pd1 Nb1 Hf1
371,CrZrTiMoV,2.0,2.0,Cr1 Zr1 Ti1 Mo1 V1
372,CrZrTiMoPd,2.0,0.0,Cr1 Zr1 Ti1 Mo1 Pd1
373,CrZrTiMoNb,2.0,2.0,Cr1 Zr1 Ti1 Mo1 Nb1
374,CrZrTiMoHf,1.0,2.0,Cr1 Zr1 Ti1 Mo1 Hf1
375,CrZrTiVPd,2.0,1.0,Cr1 Zr1 Ti1 V1 Pd1
376,CrZrTiVNb,2.0,2.0,Cr1 Zr1 Ti1 V1 Nb1
377,CrZrTiVHf,1.0,1.0,Cr1 Zr1 Ti1 V1 Hf1
378,CrZrTiPdNb,0.0,0.0,Cr1 Zr1 Ti1 Pd1 Nb1
379,CrZrTiPdHf,1.0,1.0,Cr1 Zr1 Ti1 Pd1 Hf1
380,CrZrTiNbHf,1.0,2.0,Cr1 Zr1 Ti1 Nb1 Hf1
381,CrZrMoVPd,2.0,1.0,Cr1 Zr1 Mo1 V1 Pd1
382,CrZrMoVNb,2.0,2.0,Cr1 Zr1 Mo1 V1 Nb1
383,CrZrMoVHf,1.0,2.0,Cr1 Zr1 Mo1 V1 Hf1
384,CrZrMoPdNb,2.0,2.0,Cr1 Zr1 Mo1 Pd1 Nb1
385,CrZrMoPdHf,1.0,1.0,Cr1 Zr1 Mo1 Pd1 Hf1
386,CrZrMoNbHf,2.0,2.0,Cr1 Zr1 Mo1 Nb1 Hf1
387,CrZrVPdNb,0.0,0.0,Cr1 Zr1 V1 Pd1 Nb1
388,CrZrVPdHf,1.0,1.0,Cr1 Zr1 V1 Pd1 Hf1
389,CrZrVNbHf,1.0,2.0,Cr1 Zr1 V1 Nb1 Hf1
390,CrZrPdNbHf,1.0,1.0,Cr1 Zr1 Pd1 Nb1 Hf1
391,CrTiMoVPd,2.0,1.0,Cr1 Ti1 Mo1 V1 Pd1
392,CrTiMoVNb,1.0,1.0,Cr1 Ti1 Mo1 V1 Nb1
393,CrTiMoVHf,1.0,2.0,Cr1 Ti1 Mo1 V1 Hf1
394,CrTiMoPdNb,1.0,1.0,Cr1 Ti1 Mo1 Pd1 Nb1
395,CrTiMoPdHf,1.0,1.0,Cr1 Ti1 Mo1 Pd1 Hf1
396,CrTiMoNbHf,1.0,2.0,Cr1 Ti1 Mo1 Nb1 Hf1
397,CrTiVPdNb,2.0,1.0,Cr1 Ti1 V1 Pd1 Nb1
398,CrTiVPdHf,1.0,1.0,Cr1 Ti1 V1 Pd1 Hf1
399,CrTiVNbHf,1.0,2.0,Cr1 Ti1 V1 Nb1 Hf1
400,CrTiPdNbHf,1.0,1.0,Cr1 Ti1 Pd1 Nb1 Hf1
401,CrMoVPdNb,1.0,1.0,Cr1 Mo1 V1 Pd1 Nb1
402,CrMoVPdHf,1.0,1.0,Cr1 Mo1 V1 Pd1 Hf1
403,CrMoVNbHf,1.0,1.0,Cr1 Mo1 V1 Nb1 Hf1
404,CrMoPdNbHf,1.0,1.0,Cr1 Mo1 Pd1 Nb1 Hf1
405,CrVPdNbHf,1.0,1.0,Cr1 V1 Pd1 Nb1 Hf1
406,TaZrTiMoV,1.0,1.0,Ta1 Zr1 Ti1 Mo1 V1
407,TaZrTiMoPd,1.0,1.0,Ta1 Zr1 Ti1 Mo1 Pd1
408,TaZrTiMoNb,1.0,1.0,Ta1 Zr1 Ti1 Mo1 Nb1
409,TaZrTiMoHf,1.0,1.0,Ta1 Zr1 Ti1 Mo1 Hf1
410,TaZrTiVPd,1.0,1.0,Ta1 Zr1 Ti1 V1 Pd1
411,TaZrTiVNb,1.0,1.0,Ta1 Zr1 Ti1 V1 Nb1
412,TaZrTiVHf,1.0,1.0,Ta1 Zr1 Ti1 V1 Hf1
413,TaZrTiPdNb,1.0,1.0,Ta1 Zr1 Ti1 Pd1 Nb1
414,TaZrTiPdHf,1.0,1.0,Ta1 Zr1 Ti1 Pd1 Hf1
415,TaZrTiNbHf,1.0,1.0,Ta1 Zr1 Ti1 Nb1 Hf1
416,TaZrMoVPd,1.0,1.0,Ta1 Zr1 Mo1 V1 Pd1
417,TaZrMoVNb,1.0,1.0,Ta1 Zr1 Mo1 V1 Nb1
418,TaZrMoVHf,1.0,1.0,Ta1 Zr1 Mo1 V1 Hf1
419,TaZrMoPdNb,1.0,1.0,Ta1 Zr1 Mo1 Pd1 Nb1
420,TaZrMoPdHf,1.0,1.0,Ta1 Zr1 Mo1 Pd1 Hf1
421,TaZrMoNbHf,1.0,1.0,Ta1 Zr1 Mo1 Nb1 Hf1
422,TaZrVPdNb,1.0,1.0,Ta1 Zr1 V1 Pd1 Nb1
423,TaZrVPdHf,1.0,1.0,Ta1 Zr1 V1 Pd1 Hf1
424,TaZrVNbHf,1.0,1.0,Ta1 Zr1 V1 Nb1 Hf1
425,TaZrPdNbHf,1.0,1.0,Ta1 Zr1 Pd1 Nb1 Hf1
426,TaTiMoVPd,1.0,1.0,Ta1 Ti1 Mo1 V1 Pd1
427,TaTiMoVNb,1.0,1.0,Ta1 Ti1 Mo1 V1 Nb1
428,TaTiMoVHf,1.0,1.0,Ta1 Ti1 Mo1 V1 Hf1
429,TaTiMoPdNb,1.0,1.0,Ta1 Ti1 Mo1 Pd1 Nb1
430,TaTiMoPdHf,1.0,1.0,Ta1 Ti1 Mo1 Pd1 Hf1
431,TaTiMoNbHf,1.0,1.0,Ta1 Ti1 Mo1 Nb1 Hf1
432,TaTiVPdNb,1.0,1.0,Ta1 Ti1 V1 Pd1 Nb1
433,TaTiVPdHf,1.0,1.0,Ta1 Ti1 V1 Pd1 Hf1
434,TaTiVNbHf,1.0,1.0,Ta1 Ti1 V1 Nb1 Hf1
435,TaTiPdNbHf,1.0,1.0,Ta1 Ti1 Pd1 Nb1 Hf1
436,TaMoVPdNb,1.0,1.0,Ta1 Mo1 V1 Pd1 Nb1
437,TaMoVPdHf,1.0,1.0,Ta1 Mo1 V1 Pd1 Hf1
438,TaMoVNbHf,1.0,1.0,Ta1 Mo1 V1 Nb1 Hf1
439,TaMoPdNbHf,1.0,1.0,Ta1 Mo1 Pd1 Nb1 Hf1
440,TaVPdNbHf,1.0,1.0,Ta1 V1 Pd1 Nb1 Hf1
441,ZrTiMoVPd,1.0,1.0,Zr1 Ti1 Mo1 V1 Pd1
442,ZrTiMoVNb,1.0,1.0,Zr1 Ti1 Mo1 V1 Nb1
443,ZrTiMoVHf,1.0,1.0,Zr1 Ti1 Mo1 V1 Hf1
444,ZrTiMoPdNb,1.0,0.0,Zr1 Ti1 Mo1 Pd1 Nb1
445,ZrTiMoPdHf,1.0,1.0,Zr1 Ti1 Mo1 Pd1 Hf1
446,ZrTiMoNbHf,1.0,1.0,Zr1 Ti1 Mo1 Nb1 Hf1
447,ZrTiVPdNb,1.0,1.0,Zr1 Ti1 V1 Pd1 Nb1
448,ZrTiVPdHf,1.0,1.0,Zr1 Ti1 V1 Pd1 Hf1
449,ZrTiVNbHf,1.0,1.0,Zr1 Ti1 V1 Nb1 Hf1
450,ZrTiPdNbHf,1.0,1.0,Zr1 Ti1 Pd1 Nb1 Hf1
451,ZrMoVPdNb,1.0,1.0,Zr1 Mo1 V1 Pd1 Nb1
452,ZrMoVPdHf,1.0,1.0,Zr1 Mo1 V1 Pd1 Hf1
453,ZrMoVNbHf,1.0,1.0,Zr1 Mo1 V1 Nb1 Hf1
454,ZrMoPdNbHf,1.0,1.0,Zr1 Mo1 Pd1 Nb1 Hf1
455,ZrVPdNbHf,1.0,1.0,Zr1 V1 Pd1 Nb1 Hf1
456,TiMoVPdNb,1.0,1.0,Ti1 Mo1 V1 Pd1 Nb1
457,TiMoVPdHf,1.0,1.0,Ti1 Mo1 V1 Pd1 Hf1
458,TiMoVNbHf,1.0,1.0,Ti1 Mo1 V1 Nb1 Hf1
459,TiMoPdNbHf,1.0,1.0,Ti1 Mo1 Pd1 Nb1 Hf1
460,TiVPdNbHf,1.0,1.0,Ti1 V1 Pd1 Nb1 Hf1
461,MoVPdNbHf,1.0,1.0,Mo1 V1 Pd1 Nb1 Hf1
462,AlCrTaZrTiMo,1.0,1.0,Al1 Cr1 Ta1 Zr1 Ti1 Mo1
463,AlCrTaZrTiV,1.0,1.0,Al1 Cr1 Ta1 Zr1 Ti1 V1
464,AlCrTaZrTiPd,1.0,1.0,Al1 Cr1 Ta1 Zr1 Ti1 Pd1
465,AlCrTaZrTiNb,1.0,2.0,Al1 Cr1 Ta1 Zr1 Ti1 Nb1
466,AlCrTaZrTiHf,1.0,1.0,Al1 Cr1 Ta1 Zr1 Ti1 Hf1
467,AlCrTaZrMoV,1.0,1.0,Al1 Cr1 Ta1 Zr1 Mo1 V1
468,AlCrTaZrMoPd,1.0,1.0,Al1 Cr1 Ta1 Zr1 Mo1 Pd1
469,AlCrTaZrMoNb,2.0,2.0,Al1 Cr1 Ta1 Zr1 Mo1 Nb1
470,AlCrTaZrMoHf,1.0,1.0,Al1 Cr1 Ta1 Zr1 Mo1 Hf1
471,AlCrTaZrVPd,1.0,1.0,Al1 Cr1 Ta1 Zr1 V1 Pd1
472,AlCrTaZrVNb,1.0,1.0,Al1 Cr1 Ta1 Zr1 V1 Nb1
473,AlCrTaZrVHf,1.0,1.0,Al1 Cr1 Ta1 Zr1 V1 Hf1
474,AlCrTaZrPdNb,1.0,2.0,Al1 Cr1 Ta1 Zr1 Pd1 Nb1
475,AlCrTaZrPdHf,1.0,1.0,Al1 Cr1 Ta1 Zr1 Pd1 Hf1
476,AlCrTaZrNbHf,1.0,2.0,Al1 Cr1 Ta1 Zr1 Nb1 Hf1
477,AlCrTaTiMoV,1.0,1.0,Al1 Cr1 Ta1 Ti1 Mo1 V1
478,AlCrTaTiMoPd,1.0,1.0,Al1 Cr1 Ta1 Ti1 Mo1 Pd1
479,AlCrTaTiMoNb,1.0,2.0,Al1 Cr1 Ta1 Ti1 Mo1 Nb1
480,AlCrTaTiMoHf,1.0,1.0,Al1 Cr1 Ta1 Ti1 Mo1 Hf1
481,AlCrTaTiVPd,1.0,1.0,Al1 Cr1 Ta1 Ti1 V1 Pd1
482,AlCrTaTiVNb,1.0,1.0,Al1 Cr1 Ta1 Ti1 V1 Nb1
483,AlCrTaTiVHf,1.0,1.0,Al1 Cr1 Ta1 Ti1 V1 Hf1
484,AlCrTaTiPdNb,1.0,2.0,Al1 Cr1 Ta1 Ti1 Pd1 Nb1
485,AlCrTaTiPdHf,1.0,1.0,Al1 Cr1 Ta1 Ti1 Pd1 Hf1
486,AlCrTaTiNbHf,1.0,2.0,Al1 Cr1 Ta1 Ti1 Nb1 Hf1
487,AlCrTaMoVPd,1.0,1.0,Al1 Cr1 Ta1 Mo1 V1 Pd1
488,AlCrTaMoVNb,1.0,1.0,Al1 Cr1 Ta1 Mo1 V1 Nb1
489,AlCrTaMoVHf,1.0,1.0,Al1 Cr1 Ta1 Mo1 V1 Hf1
490,AlCrTaMoPdNb,1.0,2.0,Al1 Cr1 Ta1 Mo1 Pd1 Nb1
491,AlCrTaMoPdHf,1.0,1.0,Al1 Cr1 Ta1 Mo1 Pd1 Hf1
492,AlCrTaMoNbHf,1.0,2.0,Al1 Cr1 Ta1 Mo1 Nb1 Hf1
493,AlCrTaVPdNb,1.0,1.0,Al1 Cr1 Ta1 V1 Pd1 Nb1
494,AlCrTaVPdHf,1.0,1.0,Al1 Cr1 Ta1 V1 Pd1 Hf1
495,AlCrTaVNbHf,1.0,1.0,Al1 Cr1 Ta1 V1 Nb1 Hf1
496,AlCrTaPdNbHf,1.0,2.0,Al1 Cr1 Ta1 Pd1 Nb1 Hf1
497,AlCrZrTiMoV,0.0,0.0,Al1 Cr1 Zr1 Ti1 Mo1 V1
498,AlCrZrTiMoPd,2.0,1.0,Al1 Cr1 Zr1 Ti1 Mo1 Pd1
499,AlCrZrTiMoNb,2.0,2.0,Al1 Cr1 Zr1 Ti1 Mo1 Nb1
500,AlCrZrTiMoHf,1.0,1.0,Al1 Cr1 Zr1 Ti1 Mo1 Hf1
501,AlCrZrTiVPd,2.0,0.0,Al1 Cr1 Zr1 Ti1 V1 Pd1
502,AlCrZrTiVNb,0.0,2.0,Al1 Cr1 Zr1 Ti1 V1 Nb1
503,AlCrZrTiVHf,1.0,1.0,Al1 Cr1 Zr1 Ti1 V1 Hf1
504,AlCrZrTiPdNb,2.0,2.0,Al1 Cr1 Zr1 Ti1 Pd1 Nb1
505,AlCrZrTiPdHf,1.0,1.0,Al1 Cr1 Zr1 Ti1 Pd1 Hf1
506,AlCrZrTiNbHf,1.0,2.0,Al1 Cr1 Zr1 Ti1 Nb1 Hf1
507,AlCrZrMoVPd,2.0,1.0,Al1 Cr1 Zr1 Mo1 V1 Pd1
508,AlCrZrMoVNb,2.0,0.0,Al1 Cr1 Zr1 Mo1 V1 Nb1
509,AlCrZrMoVHf,1.0,1.0,Al1 Cr1 Zr1 Mo1 V1 Hf1
510,AlCrZrMoPdNb,2.0,0.0,Al1 Cr1 Zr1 Mo1 Pd1 Nb1
511,AlCrZrMoPdHf,1.0,1.0,Al1 Cr1 Zr1 Mo1 Pd1 Hf1
512,AlCrZrMoNbHf,2.0,2.0,Al1 Cr1 Zr1 Mo1 Nb1 Hf1
513,AlCrZrVPdNb,2.0,0.0,Al1 Cr1 Zr1 V1 Pd1 Nb1
514,AlCrZrVPdHf,1.0,1.0,Al1 Cr1 Zr1 V1 Pd1 Hf1
515,AlCrZrVNbHf,1.0,1.0,Al1 Cr1 Zr1 V1 Nb1 Hf1
516,AlCrZrPdNbHf,1.0,2.0,Al1 Cr1 Zr1 Pd1 Nb1 Hf1
517,AlCrTiMoVPd,1.0,1.0,Al1 Cr1 Ti1 Mo1 V1 Pd1
518,AlCrTiMoVNb,2.0,1.0,Al1 Cr1 Ti1 Mo1 V1 Nb1
519,AlCrTiMoVHf,1.0,1.0,Al1 Cr1 Ti1 Mo1 V1 Hf1
520,AlCrTiMoPdNb,2.0,2.0,Al1 Cr1 Ti1 Mo1 Pd1 Nb1
521,AlCrTiMoPdHf,1.0,1.0,Al1 Cr1 Ti1 Mo1 Pd1 Hf1
522,AlCrTiMoNbHf,2.0,2.0,Al1 Cr1 Ti1 Mo1 Nb1 Hf1
523,AlCrTiVPdNb,2.0,1.0,Al1 Cr1 Ti1 V1 Pd1 Nb1
524,AlCrTiVPdHf,1.0,1.0,Al1 Cr1 Ti1 V1 Pd1 Hf1
525,AlCrTiVNbHf,1.0,1.0,Al1 Cr1 Ti1 V1 Nb1 Hf1
526,AlCrTiPdNbHf,1.0,2.0,Al1 Cr1 Ti1 Pd1 Nb1 Hf1
527,AlCrMoVPdNb,2.0,1.0,Al1 Cr1 Mo1 V1 Pd1 Nb1
528,AlCrMoVPdHf,1.0,1.0,Al1 Cr1 Mo1 V1 Pd1 Hf1
529,AlCrMoVNbHf,2.0,1.0,Al1 Cr1 Mo1 V1 Nb1 Hf1
530,AlCrMoPdNbHf,1.0,1.0,Al1 Cr1 Mo1 Pd1 Nb1 Hf1
531,AlCrVPdNbHf,1.0,1.0,Al1 Cr1 V1 Pd1 Nb1 Hf1
532,AlTaZrTiMoV,1.0,1.0,Al1 Ta1 Zr1 Ti1 Mo1 V1
533,AlTaZrTiMoPd,1.0,1.0,Al1 Ta1 Zr1 Ti1 Mo1 Pd1
534,AlTaZrTiMoNb,1.0,1.0,Al1 Ta1 Zr1 Ti1 Mo1 Nb1
535,AlTaZrTiMoHf,1.0,1.0,Al1 Ta1 Zr1 Ti1 Mo1 Hf1
536,AlTaZrTiVPd,1.0,1.0,Al1 Ta1 Zr1 Ti1 V1 Pd1
537,AlTaZrTiVNb,1.0,1.0,Al1 Ta1 Zr1 Ti1 V1 Nb1
538,AlTaZrTiVHf,1.0,1.0,Al1 Ta1 Zr1 Ti1 V1 Hf1
539,AlTaZrTiPdNb,1.0,2.0,Al1 Ta1 Zr1 Ti1 Pd1 Nb1
540,AlTaZrTiPdHf,1.0,1.0,Al1 Ta1 Zr1 Ti1 Pd1 Hf1
541,AlTaZrTiNbHf,1.0,1.0,Al1 Ta1 Zr1 Ti1 Nb1 Hf1
542,AlTaZrMoVPd,1.0,1.0,Al1 Ta1 Zr1 Mo1 V1 Pd1
543,AlTaZrMoVNb,1.0,1.0,Al1 Ta1 Zr1 Mo1 V1 Nb1
544,AlTaZrMoVHf,1.0,1.0,Al1 Ta1 Zr1 Mo1 V1 Hf1
545,AlTaZrMoPdNb,1.0,2.0,Al1 Ta1 Zr1 Mo1 Pd1 Nb1
546,AlTaZrMoPdHf,1.0,1.0,Al1 Ta1 Zr1 Mo1 Pd1 Hf1
547,AlTaZrMoNbHf,1.0,1.0,Al1 Ta1 Zr1 Mo1 Nb1 Hf1
548,AlTaZrVPdNb,1.0,1.0,Al1 Ta1 Zr1 V1 Pd1 Nb1
549,AlTaZrVPdHf,1.0,1.0,Al1 Ta1 Zr1 V1 Pd1 Hf1
550,AlTaZrVNbHf,1.0,1.0,Al1 Ta1 Zr1 V1 Nb1 Hf1
551,AlTaZrPdNbHf,1.0,1.0,Al1 Ta1 Zr1 Pd1 Nb1 Hf1
552,AlTaTiMoVPd,1.0,1.0,Al1 Ta1 Ti1 Mo1 V1 Pd1
553,AlTaTiMoVNb,1.0,1.0,Al1 Ta1 Ti1 Mo1 V1 Nb1
554,AlTaTiMoVHf,1.0,1.0,Al1 Ta1 Ti1 Mo1 V1 Hf1
555,AlTaTiMoPdNb,1.0,1.0,Al1 Ta1 Ti1 Mo1 Pd1 Nb1
556,AlTaTiMoPdHf,1.0,1.0,Al1 Ta1 Ti1 Mo1 Pd1 Hf1
557,AlTaTiMoNbHf,1.0,1.0,Al1 Ta1 Ti1 Mo1 Nb1 Hf1
558,AlTaTiVPdNb,1.0,1.0,Al1 Ta1 Ti1 V1 Pd1 Nb1
559,AlTaTiVPdHf,1.0,1.0,Al1 Ta1 Ti1 V1 Pd1 Hf1
560,AlTaTiVNbHf,1.0,1.0,Al1 Ta1 Ti1 V1 Nb1 Hf1
561,AlTaTiPdNbHf,1.0,1.0,Al1 Ta1 Ti1 Pd1 Nb1 Hf1
562,AlTaMoVPdNb,1.0,1.0,Al1 Ta1 Mo1 V1 Pd1 Nb1
563,AlTaMoVPdHf,1.0,1.0,Al1 Ta1 Mo1 V1 Pd1 Hf1
564,AlTaMoVNbHf,1.0,1.0,Al1 Ta1 Mo1 V1 Nb1 Hf1
565,AlTaMoPdNbHf,1.0,1.0,Al1 Ta1 Mo1 Pd1 Nb1 Hf1
566,AlTaVPdNbHf,1.0,1.0,Al1 Ta1 V1 Pd1 Nb1 Hf1
567,AlZrTiMoVPd,2.0,1.0,Al1 Zr1 Ti1 Mo1 V1 Pd1
568,AlZrTiMoVNb,1.0,1.0,Al1 Zr1 Ti1 Mo1 V1 Nb1
569,AlZrTiMoVHf,1.0,1.0,Al1 Zr1 Ti1 Mo1 V1 Hf1
570,AlZrTiMoPdNb,1.0,0.0,Al1 Zr1 Ti1 Mo1 Pd1 Nb1
571,AlZrTiMoPdHf,1.0,1.0,Al1 Zr1 Ti1 Mo1 Pd1 Hf1
572,AlZrTiMoNbHf,1.0,1.0,Al1 Zr1 Ti1 Mo1 Nb1 Hf1
573,AlZrTiVPdNb,2.0,0.0,Al1 Zr1 Ti1 V1 Pd1 Nb1
574,AlZrTiVPdHf,1.0,1.0,Al1 Zr1 Ti1 V1 Pd1 Hf1
575,AlZrTiVNbHf,1.0,1.0,Al1 Zr1 Ti1 V1 Nb1 Hf1
576,AlZrTiPdNbHf,1.0,1.0,Al1 Zr1 Ti1 Pd1 Nb1 Hf1
577,AlZrMoVPdNb,1.0,0.0,Al1 Zr1 Mo1 V1 Pd1 Nb1
578,AlZrMoVPdHf,1.0,1.0,Al1 Zr1 Mo1 V1 Pd1 Hf1
579,AlZrMoVNbHf,1.0,1.0,Al1 Zr1 Mo1 V1 Nb1 Hf1
580,AlZrMoPdNbHf,1.0,1.0,Al1 Zr1 Mo1 Pd1 Nb1 Hf1
581,AlZrVPdNbHf,1.0,1.0,Al1 Zr1 V1 Pd1 Nb1 Hf1
582,AlTiMoVPdNb,1.0,1.0,Al1 Ti1 Mo1 V1 Pd1 Nb1
583,AlTiMoVPdHf,1.0,1.0,Al1 Ti1 Mo1 V1 Pd1 Hf1
584,AlTiMoVNbHf,1.0,1.0,Al1 Ti1 Mo1 V1 Nb1 Hf1
585,AlTiMoPdNbHf,1.0,1.0,Al1 Ti1 Mo1 Pd1 Nb1 Hf1
586,AlTiVPdNbHf,1.0,1.0,Al1 Ti1 V1 Pd1 Nb1 Hf1
587,AlMoVPdNbHf,1.0,1.0,Al1 Mo1 V1 Pd1 Nb1 Hf1
588,CrTaZrTiMoV,1.0,2.0,Cr1 Ta1 Zr1 Ti1 Mo1 V1
589,CrTaZrTiMoPd,1.0,1.0,Cr1 Ta1 Zr1 Ti1 Mo1 Pd1
590,CrTaZrTiMoNb,2.0,2.0,Cr1 Ta1 Zr1 Ti1 Mo1 Nb1
591,CrTaZrTiMoHf,1.0,2.0,Cr1 Ta1 Zr1 Ti1 Mo1 Hf1
592,CrTaZrTiVPd,1.0,1.0,Cr1 Ta1 Zr1 Ti1 V1 Pd1
593,CrTaZrTiVNb,1.0,2.0,Cr1 Ta1 Zr1 Ti1 V1 Nb1
594,CrTaZrTiVHf,1.0,1.0,Cr1 Ta1 Zr1 Ti1 V1 Hf1
595,CrTaZrTiPdNb,1.0,2.0,Cr1 Ta1 Zr1 Ti1 Pd1 Nb1
596,CrTaZrTiPdHf,1.0,1.0,Cr1 Ta1 Zr1 Ti1 Pd1 Hf1
597,CrTaZrTiNbHf,1.0,2.0,Cr1 Ta1 Zr1 Ti1 Nb1 Hf1
598,CrTaZrMoVPd,1.0,1.0,Cr1 Ta1 Zr1 Mo1 V1 Pd1
599,CrTaZrMoVNb,2.0,1.0,Cr1 Ta1 Zr1 Mo1 V1 Nb1
600,CrTaZrMoVHf,1.0,1.0,Cr1 Ta1 Zr1 Mo1 V1 Hf1
601,CrTaZrMoPdNb,2.0,1.0,Cr1 Ta1 Zr1 Mo1 Pd1 Nb1
602,CrTaZrMoPdHf,1.0,1.0,Cr1 Ta1 Zr1 Mo1 Pd1 Hf1
603,CrTaZrMoNbHf,2.0,2.0,Cr1 Ta1 Zr1 Mo1 Nb1 Hf1
604,CrTaZrVPdNb,1.0,1.0,Cr1 Ta1 Zr1 V1 Pd1 Nb1
605,CrTaZrVPdHf,1.0,1.0,Cr1 Ta1 Zr1 V1 Pd1 Hf1
606,CrTaZrVNbHf,1.0,2.0,Cr1 Ta1 Zr1 V1 Nb1 Hf1
607,CrTaZrPdNbHf,1.0,1.0,Cr1 Ta1 Zr1 Pd1 Nb1 Hf1
608,CrTaTiMoVPd,1.0,1.0,Cr1 Ta1 Ti1 Mo1 V1 Pd1
609,CrTaTiMoVNb,1.0,2.0,Cr1 Ta1 Ti1 Mo1 V1 Nb1
610,CrTaTiMoVHf,1.0,1.0,Cr1 Ta1 Ti1 Mo1 V1 Hf1
611,CrTaTiMoPdNb,2.0,1.0,Cr1 Ta1 Ti1 Mo1 Pd1 Nb1
612,CrTaTiMoPdHf,1.0,1.0,Cr1 Ta1 Ti1 Mo1 Pd1 Hf1
613,CrTaTiMoNbHf,2.0,2.0,Cr1 Ta1 Ti1 Mo1 Nb1 Hf1
614,CrTaTiVPdNb,1.0,1.0,Cr1 Ta1 Ti1 V1 Pd1 Nb1
615,CrTaTiVPdHf,1.0,1.0,Cr1 Ta1 Ti1 V1 Pd1 Hf1
616,CrTaTiVNbHf,1.0,2.0,Cr1 Ta1 Ti1 V1 Nb1 Hf1
617,CrTaTiPdNbHf,1.0,1.0,Cr1 Ta1 Ti1 Pd1 Nb1 Hf1
618,CrTaMoVPdNb,2.0,1.0,Cr1 Ta1 Mo1 V1 Pd1 Nb1
619,CrTaMoVPdHf,1.0,1.0,Cr1 Ta1 Mo1 V1 Pd1 Hf1
620,CrTaMoVNbHf,1.0,1.0,Cr1 Ta1 Mo1 V1 Nb1 Hf1
621,CrTaMoPdNbHf,2.0,1.0,Cr1 Ta1 Mo1 Pd1 Nb1 Hf1
622,CrTaVPdNbHf,1.0,1.0,Cr1 Ta1 V1 Pd1 Nb1 Hf1
623,CrZrTiMoVPd,2.0,1.0,Cr1 Zr1 Ti1 Mo1 V1 Pd1
624,CrZrTiMoVNb,2.0,2.0,Cr1 Zr1 Ti1 Mo1 V1 Nb1
625,CrZrTiMoVHf,1.0,2.0,Cr1 Zr1 Ti1 Mo1 V1 Hf1
626,CrZrTiMoPdNb,2.0,2.0,Cr1 Zr1 Ti1 Mo1 Pd1 Nb1
627,CrZrTiMoPdHf,1.0,1.0,Cr1 Zr1 Ti1 Mo1 Pd1 Hf1
628,CrZrTiMoNbHf,2.0,2.0,Cr1 Zr1 Ti1 Mo1 Nb1 Hf1
629,CrZrTiVPdNb,2.0,0.0,Cr1 Zr1 Ti1 V1 Pd1 Nb1
630,CrZrTiVPdHf,1.0,1.0,Cr1 Zr1 Ti1 V1 Pd1 Hf1
631,CrZrTiVNbHf,1.0,2.0,Cr1 Zr1 Ti1 V1 Nb1 Hf1
632,CrZrTiPdNbHf,1.0,1.0,Cr1 Zr1 Ti1 Pd1 Nb1 Hf1
633,CrZrMoVPdNb,2.0,1.0,Cr1 Zr1 Mo1 V1 Pd1 Nb1
634,CrZrMoVPdHf,1.0,1.0,Cr1 Zr1 Mo1 V1 Pd1 Hf1
635,CrZrMoVNbHf,2.0,1.0,Cr1 Zr1 Mo1 V1 Nb1 Hf1
636,CrZrMoPdNbHf,2.0,1.0,Cr1 Zr1 Mo1 Pd1 Nb1 Hf1
637,CrZrVPdNbHf,1.0,1.0,Cr1 Zr1 V1 Pd1 Nb1 Hf1
638,CrTiMoVPdNb,2.0,1.0,Cr1 Ti1 Mo1 V1 Pd1 Nb1
639,CrTiMoVPdHf,1.0,1.0,Cr1 Ti1 Mo1 V1 Pd1 Hf1
640,CrTiMoVNbHf,2.0,1.0,Cr1 Ti1 Mo1 V1 Nb1 Hf1
641,CrTiMoPdNbHf,2.0,1.0,Cr1 Ti1 Mo1 Pd1 Nb1 Hf1
642,CrTiVPdNbHf,1.0,1.0,Cr1 Ti1 V1 Pd1 Nb1 Hf1
643,CrMoVPdNbHf,2.0,1.0,Cr1 Mo1 V1 Pd1 Nb1 Hf1
644,TaZrTiMoVPd,1.0,1.0,Ta1 Zr1 Ti1 Mo1 V1 Pd1
645,TaZrTiMoVNb,1.0,1.0,Ta1 Zr1 Ti1 Mo1 V1 Nb1
646,TaZrTiMoVHf,1.0,1.0,Ta1 Zr1 Ti1 Mo1 V1 Hf1
647,TaZrTiMoPdNb,1.0,2.0,Ta1 Zr1 Ti1 Mo1 Pd1 Nb1
648,TaZrTiMoPdHf,1.0,1.0,Ta1 Zr1 Ti1 Mo1 Pd1 Hf1
649,TaZrTiMoNbHf,1.0,1.0,Ta1 Zr1 Ti1 Mo1 Nb1 Hf1
650,TaZrTiVPdNb,1.0,1.0,Ta1 Zr1 Ti1 V1 Pd1 Nb1
651,TaZrTiVPdHf,1.0,1.0,Ta1 Zr1 Ti1 V1 Pd1 Hf1
652,TaZrTiVNbHf,1.0,1.0,Ta1 Zr1 Ti1 V1 Nb1 Hf1
653,TaZrTiPdNbHf,1.0,1.0,Ta1 Zr1 Ti1 Pd1 Nb1 Hf1
654,TaZrMoVPdNb,1.0,1.0,Ta1 Zr1 Mo1 V1 Pd1 Nb1
655,TaZrMoVPdHf,1.0,1.0,Ta1 Zr1 Mo1 V1 Pd1 Hf1
656,TaZrMoVNbHf,1.0,1.0,Ta1 Zr1 Mo1 V1 Nb1 Hf1
657,TaZrMoPdNbHf,1.0,1.0,Ta1 Zr1 Mo1 Pd1 Nb1 Hf1
658,TaZrVPdNbHf,1.0,1.0,Ta1 Zr1 V1 Pd1 Nb1 Hf1
659,TaTiMoVPdNb,1.0,1.0,Ta1 Ti1 Mo1 V1 Pd1 Nb1
660,TaTiMoVPdHf,1.0,1.0,Ta1 Ti1 Mo1 V1 Pd1 Hf1
661,TaTiMoVNbHf,1.0,1.0,Ta1 Ti1 Mo1 V1 Nb1 Hf1
662,TaTiMoPdNbHf,1.0,1.0,Ta1 Ti1 Mo1 Pd1 Nb1 Hf1
663,TaTiVPdNbHf,1.0,1.0,Ta1 Ti1 V1 Pd1 Nb1 Hf1
664,TaMoVPdNbHf,1.0,1.0,Ta1 Mo1 V1 Pd1 Nb1 Hf1
665,ZrTiMoVPdNb,1.0,1.0,Zr1 Ti1 Mo1 V1 Pd1 Nb1
666,ZrTiMoVPdHf,1.0,1.0,Zr1 Ti1 Mo1 V1 Pd1 Hf1
667,ZrTiMoVNbHf,1.0,1.0,Zr1 Ti1 Mo1 V1 Nb1 Hf1
668,ZrTiMoPdNbHf,1.0,1.0,Zr1 Ti1 Mo1 Pd1 Nb1 Hf1
669,ZrTiVPdNbHf,1.0,1.0,Zr1 Ti1 V1 Pd1 Nb1 Hf1
670,ZrMoVPdNbHf,1.0,1.0,Zr1 Mo1 V1 Pd1 Nb1 Hf1
671,TiMoVPdNbHf,1.0,1.0,Ti1 Mo1 V1 Pd1 Nb1 Hf1
